"l_magTitle","b_factrow","b_factrow 2","b_factrow 3","e_green","nowrap","opHours"
"livraison express marrakech","Courier & delivery services","52 Rue Bab Agnaou, Marrakesh","·","Open 24 hours","+212 663-544461",""
"Fast delivery marrakech","Courier & delivery services","Marrakesh, Marrakesh-Safi","","","+212 663-467440",""
"Marrakech Delivery","Courier & delivery services","34 Rue de la Liberté شارع الحرية, Marrakesh","·","Open","+212 604-789584","· Closes 00:00"
"Coursier Marrakech delivery خدمة التوصيل بمراكش","Courier & delivery services","44 Rue Cadi Ayad زنقة القاضي عياض, Marrakesh","·","Open 24 hours","+212 657-000278",""
"Allo livraison Marrakech","Courier & delivery services","Marrakesh, Marrakesh-Safi","·","Open 24 hours","+212 714-149014",""
"Space Delivery","Courier & delivery services","Rue El Imam Malik, Marrakesh","·","Open","+212 646-631616","· Closes 19:00"
"Black Pan Marrakech","Pizza","Rue Ibn Toumert, Marrakesh","·","Open","+212 679-636136","· Closes 02:00"
"Livreur Marrakech - Marrakech Livraison et coursier 24h/7j","Food delivery service","Marrakesh, Marrakesh-Safi","·","Open 24 hours","+212 675-503139",""
"Domino's Pizza (Carré Eden)","Pizza","38 Rue Tariq Bnou Ziad, Marrakesh","·","Open","+212 5244-30555","· Closes 23:30"
"Delivery Marrakech","Courier & delivery services","23 Zanqat Abu Bakr Al-Siddeeq, Marrakesh","·","Open 24 hours","+212 664-008187",""
"Livreur Marrakech Food","Courier & delivery services","Marrakesh, Marrakesh-Safi","","","+212 621-911180",""
"توصيل الطلبات مراكشLivrison A domiesil marrakech","Courier & delivery services","Marrakesh","·","Open 24 hours","+212 626-747173",""
"Delivery marrakech","Courier & delivery services","12 Rue Ibn Aicha, Marrakesh","·","Open 24 hours","+212 633-501223",""
"Pizza Hut","Pizza","7 Rue Ferkla, Marrakesh","·","Open","+212 530-102030","· Closes 23:00"
"On Time Delivery","Food delivery service","22 Rue Ibn Sahl, Marrakesh","·","Open 24 hours","+212 661-107051",""