"l_magTitle","b_factrow","b_factrow 2","opHours","e_green","nowrap"
"Pizza Amine","Pizza","30 Rue 8 Boulevard Al Farabi, Béni Mellal","· Closes 00:00","Open","+212 705-505090"
"Point relais Jumia - Béni Mellal ( Taqaddoum )","Courier & delivery services","Beni Mellal","· Closes 18:00","Open","+212 663-259251"
"Agence Jumia - Hassan II - Béni mellal","Courier & delivery services","74 Avenue Hassan II, Beni Mellal","· Closes 19:00","Open","+212 5234-28399"
"Livreur Beni Mellal Le Cheval","Courier & delivery services","151 Rue Aghbala, Beni Mellal","","Open 24 hours","+212 766-709249"
"3an3an – Application de livraison à Béni Mellal","Courier & delivery services","39 Boulevard Mohammed 5, Béni Mellal","· Closes 03:00","Open","+212 652-677081"
"Ghazala Messagerie Béni Mellal","Courier & delivery services","Beni Mellal","· Closes 20:00","Open","+212 5234-82738"
"Pizza Bella Roma","Pizza","5 Rue Tétouan, Beni Mellal","· Closes 00:00","Open","+212 5234-87314"
"Dooliv","Food delivery service","510 Avenue Mohammed V شارع محمد الخامس, Beni Mellal","· Closes 00:00","Open","+212 768-401003"
"Hana Jay Delivery","Courier & delivery services","153 Rue Prince Moulay Abdellah زنقة الأمير مولاي عبد الله, Beni Mellal","","Open 24 hours","+212 675-825323"
"SDTM : Transport de Marchandises & Messageries_Béni Mellal","Courier & delivery services","Ave Echabbi Lotissement Naima, Beni Mellal","· Closes 18:30","Open","+212 5227-64747"
"12jib.ma ~ Livreur Béni Mellal","Courier & delivery services","Beni Mellal, Béni Mellal-Khénifra","· Closes 23:30","Open","+212 708-298256"
"Burger King - Beni-Mellal","Burgers","Beni Mellal","· Closes 00:00","Open","+212 5234-24364"
"El mellalia logistique","Food delivery service","Beni Mellal","· Closes 21:00","Open","+212 654-755622"
"Ozon Express : Service de livraison à domicile des colis & de repas","Food delivery service","Beni Mellal","· Closes 18:00","Open","+212 520-919919"